id;image
1;products/aparador1.png
2;products/aparador2.png
3;products/aparador3.png
4;products/aparador4.png
5;products/banco1.png
6;products/banco2.png
7;products/banco3.png
8;products/banco4.png
9;products/bancoilha1.png
10;products/bancoilha2.png
11;products/bancoilha3.png
12;products/bancoilha4.png
13;products/bancoilha5.png
14;products/beliche1.png
15;products/beliche2.png
16;products/beliche3.png
17;products/berco1.png
18;products/berco2.png
19;products/berco3.png
20;products/berco4.png
21;products/cabeceira1.png
22;products/cabeceira2.png
23;products/cabeceira3.png
24;products/cabeceira4.png
25;products/cadeira1.png
26;products/cadeira2.png
27;products/cadeira3.png
28;products/cadeira4.png
29;products/cadeira5.png
30;products/cadeirao1.png
31;products/cadeirao2.png
32;products/cadeirao3.png
33;products/cadeirao4.png
34;products/cadeirao5.png
35;products/camacasal1.png
36;products/camacasal2.png
37;products/camacasal3.png
38;products/camacasal4.png
39;products/estante1.png
40;products/estante2.png
41;products/estante3.png
42;products/estante4.png
43;products/estante5.png
44;products/estante6.png
45;products/estanteparede1.png
46;products/estanteparede3.png
47;products/estanteparede4.png
48;products/estanteparede5.png
49;products/estanteparede6.png
50;products/estranteparede2.png
51;products/mesajantar1.png
52;products/mesajantar2.png
53;products/mesajantar3.png
54;products/mesajantar4.png
55;products/mesajardim1.png
56;products/mesajardim2.png
57;products/mesajardim3.png
58;products/mesajardim4.png
59;products/prateleira1.png
60;products/prateleira2.png
61;products/prateleira3.png
62;products/prateleira4.png
63;products/smallbed1.png
64;products/smallbed2.png
65;products/smallbed3.png
66;products/smallbed4.png
67;products/sofa1.png
68;products/sofa2.png
69;products/sofa3.png
70;products/sofa4.png
71;products/sofa5.png
72;products/suitebed1.png
73;products/suitebed2.png
74;products/suitebed3.png
75;products/suitebed4.png
76;products/suitebed5.png
77;products/tvtable1.png
78;products/tvtable2.png
79;products/tvtable3.png